Name,Average,Grade
John,85.0,A
Jane,70.0,C
Bob,55.0,D
Alice,91.66666666666667,A
Tom,41.0,F
Sara,87.33333333333333,A
David,66.33333333333333,C
Emma,79.33333333333333,B
Liam,88.0,A
Olivia,72.66666666666667,C
